rmse,mae,r2
4.551220531842026,4.247006178795593,-12.536787459361292
