rmse,mae,r2
132973.1210697205,129996.75213732374,-9.1024182098864
