rmse,mae,r2
0.3165453598080825,0.24349777904744604,-0.2464506343838102
