rmse,mae,r2
0.6941602629246463,0.5967639645815833,-1.8368385929684172
