rmse,mae,r2
0.3089164232641464,0.23468139449408087,-0.18709417862717959
