rmse,mae,r2
135585.4242430832,132164.9486951449,-9.503248166845523
