rmse,mae,r2
13.157545936356048,11.682053564212623,-1018.2129156954395
