rmse,mae,r2
2.276966788220296,1.8915455921514661,-2.388232799184611
