rmse,mae,r2
0.0893236210542064,0.05699227944111782,0.953027057149622
