rmse,mae,r2
0.3114024252230266,0.23635652173913044,-0.20627731541793493
