rmse,mae,r2
65585.19258206319,56528.012086957024,-1.4575887738509166
