rmse,mae,r2
0.568574937892977,0.4571304347826119,0.7887312438848164
