rmse,mae,r2
0.5521445074186827,0.4173743505063263,0.8007651245231198
