rmse,mae,r2
0.1281104213927913,0.08188548252006729,0.9033762145151589
