rmse,mae,r2
74325.99862981269,65390.76576086958,-2.156306170004142
