rmse,mae,r2
0.35525277711546976,0.2778947820611622,-0.5699222438596379
